block,trial,wasRisky,rt,outcome,numExp,wasOld,riskyVal,riskyEV,Subject
21,1,0,2.239669323,1,0,0,30,0,MCW016
21,2,0,2.152750254,1,0,0,30,0,MCW016
21,3,0,2.209895849,0,0,0,30,0,MCW016
21,4,0,1.478070498,1,0,0,20,0,MCW016
21,5,1,2.237655878,1,2,1,30,60,MCW016
21,6,1,3.253730059,1,1,1,20,20,MCW016
21,7,0,2.661076069,1,0,0,30,0,MCW016
21,8,1,1.997949123,1,3,1,25,75,MCW016
21,9,1,2.149672031,1,1,1,30,30,MCW016
21,10,0,2.206694365,1,2,1,30,60,MCW016
21,11,0,2.37601757,1,0,0,30,0,MCW016
21,12,1,1.619454622,1,2,1,30,60,MCW016
21,13,0,2.769366741,1,0,0,20,0,MCW016
21,14,1,2.577673674,1,1,1,30,30,MCW016
21,15,0,2.211389303,1,0,0,20,0,MCW016
21,16,0,1.796978235,1,0,0,25,0,MCW016
21,17,0,2.276816368,1,0,0,20,0,MCW016
21,18,0,2.565391302,1,0,0,25,0,MCW016
21,19,1,2.722155094,1,1,1,30,30,MCW016
21,20,1,3.315223455,0,0,0,25,0,MCW016
21,21,0,2.293392658,1,0,0,20,0,MCW016
21,22,1,2.962973595,1,3,1,20,60,MCW016
21,23,0,1.952618361,1,3,1,20,60,MCW016
21,24,0,2.204363108,1,0,0,30,0,MCW016
21,25,1,2.715700626,1,3,1,30,90,MCW016
21,26,1,2.246436596,1,3,1,30,90,MCW016
21,27,0,2.304539919,1,0,0,20,0,MCW016
21,28,0,2.499602079,1,2,1,25,50,MCW016
21,29,1,2.788109303,1,2,1,20,40,MCW016
21,30,0,2.711083174,1,0,0,20,0,MCW016
21,31,1,2.109028578,1,1,1,20,20,MCW016
21,32,0,3.445510626,1,0,0,25,0,MCW016
21,33,1,2.96731925,0,0,0,20,0,MCW016
21,34,0,1.873146772,1,0,0,25,0,MCW016
21,35,0,2.952387333,1,0,0,25,0,MCW016
21,36,1,2.229382753,0,0,0,20,0,MCW016
21,37,1,2.197822571,1,1,1,20,20,MCW016
21,38,0,3.077663898,1,3,1,30,90,MCW016
21,39,0,2.308931828,1,0,0,20,0,MCW016
21,40,0,2.686645269,1,2,1,30,60,MCW016
21,41,1,3.114378691,1,1,1,25,25,MCW016
21,42,0,2.217856169,1,2,1,20,40,MCW016
21,43,1,2.054032564,1,3,1,30,90,MCW016
21,44,1,2.070466042,1,2,1,20,40,MCW016
21,45,0,2.837142229,1,3,1,20,60,MCW016
22,1,0,2.191272259,1,0,0,25,0,MCW016
22,2,0,1.920502424,1,0,0,20,0,MCW016
22,3,0,2.456665039,1,0,0,25,0,MCW016
22,4,0,2.602537394,1,1,1,20,20,MCW016
22,5,1,3.197015524,1,1,1,25,25,MCW016
22,6,0,2.205754519,1,0,0,20,0,MCW016
22,7,0,2.120934486,1,0,0,30,0,MCW016
22,8,1,2.152869225,1,1,1,30,30,MCW016
22,9,1,2.331883669,0,0,0,20,0,MCW016
22,10,1,2.448457479,1,3,1,20,60,MCW016
22,11,0,2.445002794,1,1,1,25,25,MCW016
22,12,0,1.564378023,1,3,1,30,90,MCW016
22,13,0,2.264295101,1,0,0,30,0,MCW016
22,14,0,1.639501572,1,0,0,20,0,MCW016
22,15,0,1.729705334,1,3,1,20,60,MCW016
22,16,0,1.78376174,1,0,0,30,0,MCW016
22,17,0,1.957155704,1,0,0,20,0,MCW016
22,18,1,1.933041334,0,0,0,25,0,MCW016
22,19,1,2.255635023,1,1,1,25,25,MCW016
22,20,1,2.7982831,1,1,1,25,25,MCW016
22,21,0,3.404733419,1,0,0,25,0,MCW016
22,22,1,1.974704742,1,2,1,30,60,MCW016
22,23,0,2.328824282,1,1,1,20,20,MCW016
22,24,0,1.915544271,1,2,1,25,50,MCW016
22,25,0,1.742809534,1,0,0,25,0,MCW016
22,26,1,2.2795434,1,3,1,25,75,MCW016
22,27,0,2.127683401,1,0,0,30,0,MCW016
22,28,0,2.837574005,1,2,1,25,50,MCW016
22,29,0,1.533713102,1,0,0,30,0,MCW016
22,30,0,2.223032713,1,2,1,20,40,MCW016
22,31,1,1.884167671,1,2,1,25,50,MCW016
22,32,1,2.27505374,0,0,0,25,0,MCW016
22,33,0,2.170780182,1,0,0,25,0,MCW016
22,34,1,2.46687007,1,3,1,25,75,MCW016
22,35,1,2.975637436,0,0,0,30,0,MCW016
22,36,0,,0,0,0,25,0,MCW016
22,37,0,1.625440121,1,0,0,30,0,MCW016
22,38,0,1.925775528,1,3,1,25,75,MCW016
22,39,1,2.257620573,0,0,0,25,0,MCW016
22,40,0,1.484171629,1,3,1,25,75,MCW016
22,41,0,1.782866716,1,0,0,30,0,MCW016
22,42,0,1.800757647,0,2,1,20,40,MCW016
22,43,0,0.956333399,1,2,1,25,50,MCW016
22,44,0,1.424755573,1,0,0,30,0,MCW016
22,45,0,1.768142462,1,1,1,30,30,MCW016
5,1,0,1.516182661,1,1,1,20,20,MCW019
5,2,1,1.521652937,1,3,1,25,75,MCW019
5,3,0,,0,0,0,20,0,MCW019
5,4,0,1.495734215,1,1,1,30,30,MCW019
5,5,0,1.876490831,1,0,0,30,0,MCW019
5,6,0,1.127828836,1,2,1,30,60,MCW019
5,7,1,1.601942062,0,0,0,25,0,MCW019
5,8,0,0.791257143,1,0,0,25,0,MCW019
5,9,0,0.87134099,1,2,1,20,40,MCW019
5,10,0,1.500909805,1,0,0,20,0,MCW019
5,11,1,1.50957036,0,0,0,20,0,MCW019
5,12,1,1.111824989,0,0,0,20,0,MCW019
5,13,0,0.948762417,1,1,1,20,20,MCW019
5,14,1,1.324622393,1,2,1,25,50,MCW019
5,15,0,1.260641336,1,0,0,30,0,MCW019
5,16,1,1.507890701,1,3,1,20,60,MCW019
5,17,1,0.750244617,0,0,0,25,0,MCW019
5,18,0,1.332272053,1,0,0,20,0,MCW019
5,19,1,0.845989466,1,2,1,30,60,MCW019
5,20,0,0.836658239,1,3,1,30,90,MCW019
5,21,0,1.6389606,1,3,1,25,75,MCW019
5,22,0,1.396462679,1,0,0,30,0,MCW019
5,23,0,0.821496487,1,2,1,25,50,MCW019
5,24,0,1.212626219,1,0,0,25,0,MCW019
5,25,0,1.224647522,1,3,1,30,90,MCW019
5,26,0,1.150943518,1,0,0,20,0,MCW019
5,27,0,1.198895216,1,0,0,25,0,MCW019
5,28,0,0.742784977,1,1,1,20,20,MCW019
5,29,0,0.541675568,1,2,1,30,60,MCW019
5,30,0,0.973335743,1,0,0,30,0,MCW019
5,31,0,1.286586046,1,0,0,20,0,MCW019
5,32,1,1.383585215,1,1,1,20,20,MCW019
5,33,0,0.863375902,1,0,0,25,0,MCW019
5,34,0,0.919377565,1,0,0,20,0,MCW019
5,35,0,1.378462791,1,3,1,25,75,MCW019
5,36,0,1.744595528,1,0,0,20,0,MCW019
5,37,0,2.872104168,1,0,0,30,0,MCW019
5,38,0,2.639237642,1,3,1,20,60,MCW019
5,39,0,1.806464195,1,2,1,20,40,MCW019
5,40,0,1.289788961,1,1,1,25,25,MCW019
5,41,0,1.148645163,1,3,1,30,90,MCW019
5,42,1,2.272362232,0,0,0,20,0,MCW019
5,43,0,1.395754576,1,1,1,30,30,MCW019
5,44,0,1.002872467,1,0,0,20,0,MCW019
5,45,0,1.580788612,1,2,1,25,50,MCW019
6,1,0,2.825651646,1,0,0,30,0,MCW019
6,2,0,1.40533185,1,3,1,25,75,MCW019
6,3,0,1.285514832,1,1,1,25,25,MCW019
6,4,0,1.30880022,1,2,1,20,40,MCW019
6,5,1,1.349975348,0,0,0,25,0,MCW019
6,6,1,1.280990124,0,0,0,25,0,MCW019
6,7,0,2.282465219,1,0,0,30,0,MCW019
6,8,0,1.095066786,1,0,0,25,0,MCW019
6,9,0,0.668444395,1,3,1,20,60,MCW019
6,10,1,2.555511475,0,0,0,25,0,MCW019
6,11,0,1.432631016,1,2,1,25,50,MCW019
6,12,0,0.501963615,1,1,1,25,25,MCW019
6,13,1,0.794460773,1,1,1,30,30,MCW019
6,14,0,1.313687801,1,1,1,20,20,MCW019
6,15,1,0.934867382,1,2,1,20,40,MCW019
6,16,0,1.591798544,1,3,1,30,90,MCW019
6,17,0,1.101041317,1,0,0,25,0,MCW019
6,18,0,1.62968874,1,1,1,30,30,MCW019
6,19,0,1.00173831,1,0,0,25,0,MCW019
6,20,0,0.802110672,1,0,0,20,0,MCW019
6,21,0,3.451001644,1,0,0,20,0,MCW019
6,22,0,0.59244442,1,3,1,20,60,MCW019
6,23,0,1.013004303,1,0,0,30,0,MCW019
6,24,0,0.473598242,1,0,0,20,0,MCW019
6,25,0,0.697642565,1,1,1,25,25,MCW019
6,26,0,0.842361212,1,0,0,20,0,MCW019
6,27,0,0.851224184,1,3,1,25,75,MCW019
6,28,0,1.627209425,1,2,1,25,50,MCW019
6,29,0,0.91556716,1,0,0,30,0,MCW019
6,30,1,1.455368519,1,3,1,30,90,MCW019
6,31,0,0.947808743,1,0,0,25,0,MCW019
6,32,0,0.901546001,1,2,1,30,60,MCW019
6,33,0,1.3177104,1,0,0,30,0,MCW019
6,34,0,1.20257616,1,2,1,30,60,MCW019
6,35,0,0.806751013,1,0,0,30,0,MCW019
6,36,0,1.326731682,1,0,0,30,0,MCW019
6,37,0,1.043779135,1,0,0,30,0,MCW019
6,38,0,1.173835754,1,0,0,25,0,MCW019
6,39,0,1.735501528,1,0,0,25,0,MCW019
6,40,0,0.616290569,1,2,1,20,40,MCW019
6,41,0,2.147405386,1,1,1,25,25,MCW019
6,42,0,0.959109306,1,3,1,20,60,MCW019
6,43,0,0.633282423,1,1,1,30,30,MCW019
6,44,0,0.627480984,1,0,0,30,0,MCW019
6,45,0,0.712613344,1,0,0,30,0,MCW019
26,1,0,3.3441127,1,0,0,25,0,PAV037
26,2,0,3.4337632,1,0,0,30,0,PAV037
26,3,0,4.0390851,1,2,1,30,60,PAV037
26,4,0,,0,0,0,20,0,PAV037
26,5,0,,0,2,1,20,40,PAV037
26,6,0,1.7778035,1,0,0,25,0,PAV037
26,7,0,2.0648431,1,0,0,30,0,PAV037
26,8,1,2.8737566,1,2,1,30,60,PAV037
26,9,0,1.6897818,1,0,0,25,0,PAV037
26,10,0,2.8480314,1,0,0,30,0,PAV037
26,11,0,1.397253284,1,0,0,20,0,PAV037
26,12,0,1.4378989,1,0,0,25,0,PAV037
26,13,1,1.5336857,1,2,1,25,50,PAV037
26,14,0,2.1875854,1,1,1,30,30,PAV037
26,15,0,1.9666738,1,0,0,20,0,PAV037
26,16,0,1.3572092,1,0,0,25,0,PAV037
26,17,0,1.4980671,1,0,0,20,0,PAV037
26,18,0,2.567115,1,3,1,30,90,PAV037
26,19,0,1.0722635,1,0,0,20,0,PAV037
26,20,0,1.5791684,1,1,1,25,25,PAV037
26,21,0,,0,3,1,20,60,PAV037
26,22,0,2.4308696,1,0,0,25,0,PAV037
26,23,0,1.7054179,1,0,0,20,0,PAV037
26,24,0,1.7678143,1,0,0,20,0,PAV037
26,25,0,1.4682766,1,3,1,20,60,PAV037
26,26,0,1.2973218,1,1,1,25,25,PAV037
26,27,0,1.5003921,1,2,1,20,40,PAV037
26,28,1,2.2862134,1,2,1,25,50,PAV037
26,29,1,2.171733,1,3,1,20,60,PAV037
26,30,0,1.8666933,1,0,0,20,0,PAV037
26,31,1,2.3347003,1,2,1,20,40,PAV037
26,32,0,1.1778346,1,0,0,30,0,PAV037
26,33,0,1.4414989,1,3,1,20,60,PAV037
26,34,0,1.7836163,1,1,1,20,20,PAV037
26,35,1,2.7841511,1,3,1,30,90,PAV037
26,36,0,1.5977739,1,3,1,30,90,PAV037
26,37,0,3.0457179,1,0,0,25,0,PAV037
26,38,0,2.2046506,1,1,1,25,25,PAV037
26,39,1,1.3643167,1,3,1,20,60,PAV037
26,40,0,1.6471756,1,1,1,30,30,PAV037
26,41,1,2.4426951,1,2,1,30,60,PAV037
26,42,1,2.583718301,0,0,0,30,0,PAV037
26,43,0,1.252965,1,0,0,25,0,PAV037
26,44,0,1.3042516,1,0,0,30,0,PAV037
26,45,1,2.6667226,1,1,1,20,20,PAV037
27,1,0,2.1462316,1,0,0,30,0,PAV037
27,2,1,2.0298561,0,0,0,30,0,PAV037
27,3,0,3.1603992,1,2,1,30,60,PAV037
27,4,0,2.3550802,1,1,1,30,30,PAV037
27,5,0,1.1133859,1,0,0,20,0,PAV037
27,6,0,2.055067,1,0,0,30,0,PAV037
27,7,0,2.253712,1,0,0,20,0,PAV037
27,8,0,3.2068222,1,3,1,25,75,PAV037
27,9,0,1.2389234,1,2,1,20,40,PAV037
27,10,0,1.6859623,1,0,0,25,0,PAV037
27,11,0,1.6980394,1,0,0,30,0,PAV037
27,12,1,2.373822,1,2,1,25,50,PAV037
27,13,0,1.5602174,1,0,0,20,0,PAV037
27,14,0,2.411199139,1,0,0,20,0,PAV037
27,15,0,2.3935758,1,1,1,20,20,PAV037
27,16,0,3.972879332,1,0,0,20,0,PAV037
27,17,0,1.2138988,1,0,0,25,0,PAV037
27,18,0,1.3085829,1,1,1,25,25,PAV037
27,19,0,2.3395466,1,0,0,25,0,PAV037
27,20,1,1.7957688,1,3,1,25,75,PAV037
27,21,0,3.6048917,1,1,1,25,25,PAV037
27,22,0,3.1124718,1,0,0,20,0,PAV037
27,23,1,2.3983566,1,3,1,25,75,PAV037
27,24,0,2.617096539,1,0,0,20,0,PAV037
27,25,1,3.0236758,1,1,1,30,30,PAV037
27,26,0,2.6524206,1,0,0,30,0,PAV037
27,27,0,3.7723161,1,0,0,30,0,PAV037
27,28,0,2.7115646,1,1,1,30,30,PAV037
27,29,1,3.5666398,1,2,1,25,50,PAV037
27,30,1,1.9910574,1,2,1,30,60,PAV037
27,31,1,3.4559914,0,0,0,30,0,PAV037
27,32,0,1.7767018,1,1,1,20,20,PAV037
27,33,1,2.703048,1,2,1,20,40,PAV037
27,34,1,2.0771688,1,3,1,30,90,PAV037
27,35,1,3.4779718,1,2,1,25,50,PAV037
27,36,0,1.8724266,1,0,0,25,0,PAV037
27,37,0,2.3819059,1,3,1,25,75,PAV037
27,38,0,2.7259036,1,0,0,25,0,PAV037
27,39,1,2.3017151,1,3,1,25,75,PAV037
27,40,0,2.797569,1,0,0,25,0,PAV037
27,41,0,2.2931265,1,0,0,30,0,PAV037
27,42,1,1.9772383,1,3,1,30,90,PAV037
27,43,0,3.0781576,1,0,0,30,0,PAV037
27,44,0,2.5882757,1,0,0,25,0,PAV037
27,45,1,2.5167139,1,1,1,20,20,PAV037
8,1,0,1.786782685,1,0,0,20,0,PAV044
8,2,0,2.163225827,1,0,0,30,0,PAV044
8,3,0,2.662275785,1,2,1,25,50,PAV044
8,4,0,2.820577232,1,1,1,20,20,PAV044
8,5,1,3.817387827,1,2,1,30,60,PAV044
8,6,1,2.663401849,0,0,0,30,0,PAV044
8,7,1,1.601263407,0,0,0,20,0,PAV044
8,8,0,2.810502907,1,0,0,30,0,PAV044
8,9,1,2.9248839,1,3,1,20,60,PAV044
8,10,0,,0,0,0,30,0,PAV044
8,11,0,1.817533388,1,0,0,20,0,PAV044
8,12,0,3.126613917,1,0,0,25,0,PAV044
8,13,0,2.67395371,1,3,1,30,90,PAV044
8,14,1,3.035505385,0,0,0,30,0,PAV044
8,15,0,2.833206488,1,1,1,20,20,PAV044
8,16,0,3.848192591,1,2,1,30,60,PAV044
8,17,1,1.917483649,1,3,1,20,60,PAV044
8,18,1,2.476145129,0,0,0,20,0,PAV044
8,19,1,1.73171721,0,0,0,30,0,PAV044
8,20,0,3.2168401,1,2,1,25,50,PAV044
8,21,0,2.3964633,1,1,1,20,20,PAV044
8,22,0,3.199878449,1,3,1,25,75,PAV044
8,23,1,3.404882355,1,3,1,30,90,PAV044
8,24,1,3.106712397,1,2,1,20,40,PAV044
8,25,0,1.803000669,1,0,0,25,0,PAV044
8,26,0,2.240156333,1,2,1,30,60,PAV044
8,27,0,4.186292654,1,0,0,25,0,PAV044
8,28,1,1.837377278,0,0,0,20,0,PAV044
8,29,1,2.787514907,1,3,1,20,60,PAV044
8,30,1,2.766378207,1,1,1,25,25,PAV044
8,31,1,2.375098142,0,0,0,25,0,PAV044
8,32,0,2.043598968,1,0,0,25,0,PAV044
8,33,1,2.02086391,0,0,0,25,0,PAV044
8,34,0,3.21545071,1,2,1,25,50,PAV044
8,35,1,4.488616417,1,1,1,30,30,PAV044
8,36,0,3.688877569,1,0,0,30,0,PAV044
8,37,0,3.398328669,1,0,0,30,0,PAV044
8,38,0,3.187046074,1,0,0,20,0,PAV044
8,39,0,2.602351069,1,1,1,25,25,PAV044
8,40,0,2.533554352,1,3,1,20,60,PAV044
8,41,0,2.654617627,1,1,1,30,30,PAV044
8,42,0,2.04922463,1,2,1,20,40,PAV044
8,43,0,2.94359931,1,0,0,25,0,PAV044
8,44,1,2.5403302,0,0,0,20,0,PAV044
8,45,0,3.07958981,1,3,1,25,75,PAV044
9,1,0,1.658645639,1,0,0,20,0,PAV044
9,2,0,1.393454373,1,0,0,20,0,PAV044
9,3,0,1.5247756,1,0,0,20,0,PAV044
9,4,0,2.08950012,1,0,0,30,0,PAV044
9,5,0,1.476602392,1,3,1,25,75,PAV044
9,6,0,2.178306396,1,0,0,25,0,PAV044
9,7,0,1.665375463,1,1,1,20,20,PAV044
9,8,0,1.489813,1,0,0,30,0,PAV044
9,9,0,1.374175345,1,1,1,25,25,PAV044
9,10,0,1.9708044,1,2,1,30,60,PAV044
9,11,0,2.407316018,1,3,1,20,60,PAV044
9,12,1,2.978525855,1,3,1,30,90,PAV044
9,13,1,1.6635118,1,2,1,20,40,PAV044
9,14,1,2.122711315,0,0,0,25,0,PAV044
9,15,0,3.155074858,1,2,1,20,40,PAV044
9,16,0,2.235075113,1,0,0,25,0,PAV044
9,17,0,2.244954909,1,1,1,30,30,PAV044
9,18,0,3.08972652,1,0,0,25,0,PAV044
9,19,0,2.124398177,1,2,1,30,60,PAV044
9,20,0,,0,2,1,25,50,PAV044
9,21,0,1.885725335,1,0,0,20,0,PAV044
9,22,0,1.970050573,1,0,0,25,0,PAV044
9,23,0,1.5727625,1,1,1,25,25,PAV044
9,24,1,2.425251701,0,0,0,30,0,PAV044
9,25,0,1.732763531,1,0,0,30,0,PAV044
9,26,0,2.438686558,1,0,0,20,0,PAV044
9,27,0,,0,1,1,30,30,PAV044
9,28,1,2.153372402,1,3,1,30,90,PAV044
9,29,0,,0,0,0,20,0,PAV044
9,30,0,0.741495602,1,1,1,20,20,PAV044
9,31,0,1.783351319,1,3,1,25,75,PAV044
9,32,1,1.723359807,0,0,0,30,0,PAV044
9,33,1,2.16967132,1,3,1,30,90,PAV044
9,34,1,3.3208716,0,0,0,25,0,PAV044
9,35,0,2.420640592,1,1,1,25,25,PAV044
9,36,0,1.865219291,1,2,1,20,40,PAV044
9,37,1,3.441712781,0,0,0,30,0,PAV044
9,38,1,3.632847068,0,0,0,20,0,PAV044
9,39,1,3.660751749,1,3,1,25,75,PAV044
9,40,0,,0,2,1,25,50,PAV044
9,41,0,1.932058058,1,0,0,30,0,PAV044
9,42,0,,0,0,0,25,0,PAV044
9,43,1,1.6773565,1,1,1,30,30,PAV044
9,44,0,1.720858539,1,0,0,25,0,PAV044
9,45,0,1.680514464,1,0,0,20,0,PAV044
7,1,1,1.707660766,1,2,1,30,60,PAV047
7,2,0,1.440556957,1,0,0,30,0,PAV047
7,3,0,1.659375232,1,0,0,30,0,PAV047
7,4,1,1.525476359,1,2,1,25,50,PAV047
7,5,0,2.113850295,1,0,0,25,0,PAV047
7,6,1,1.6295217,1,3,1,25,75,PAV047
7,7,0,1.46346593,1,1,1,25,25,PAV047
7,8,1,1.893199889,1,3,1,30,90,PAV047
7,9,0,1.462578462,1,0,0,30,0,PAV047
7,10,0,2.251715268,1,0,0,25,0,PAV047
7,11,0,1.8476334,1,0,0,20,0,PAV047
7,12,0,2.3316116,1,0,0,20,0,PAV047
7,13,0,1.203151295,1,0,0,25,0,PAV047
7,14,0,1.096804128,1,0,0,20,0,PAV047
7,15,1,1.177083941,1,2,1,30,60,PAV047
7,16,1,1.688549641,1,1,1,30,30,PAV047
7,17,1,1.758960471,0,0,0,20,0,PAV047
7,18,0,1.516290497,1,0,0,20,0,PAV047
7,19,1,1.714009251,1,3,1,25,75,PAV047
7,20,0,2.070788082,1,0,0,20,0,PAV047
7,21,0,1.927524921,1,0,0,30,0,PAV047
7,22,0,1.189897877,1,2,1,20,40,PAV047
7,23,0,1.6162923,1,2,1,20,40,PAV047
7,24,0,1.539914073,1,0,0,20,0,PAV047
7,25,1,1.370154414,1,3,1,20,60,PAV047
7,26,1,1.460882723,1,1,1,20,20,PAV047
7,27,1,1.919748004,1,3,1,20,60,PAV047
7,28,0,1.26452024,1,0,0,30,0,PAV047
7,29,0,1.396394136,1,0,0,25,0,PAV047
7,30,0,2.251559793,1,1,1,25,25,PAV047
7,31,0,1.251034057,1,0,0,20,0,PAV047
7,32,0,1.249513202,1,0,0,25,0,PAV047
7,33,0,1.574101782,1,2,1,25,50,PAV047
7,34,1,1.625021141,1,3,1,25,75,PAV047
7,35,1,1.416150374,1,3,1,30,90,PAV047
7,36,1,1.4925635,1,1,1,25,25,PAV047
7,37,0,1.441574695,1,0,0,30,0,PAV047
7,38,0,2.292367282,1,2,1,30,60,PAV047
7,39,1,1.888163337,1,1,1,20,20,PAV047
7,40,1,1.493119002,1,2,1,25,50,PAV047
7,41,0,1.2767473,1,1,1,20,20,PAV047
7,42,1,0.95317013,1,3,1,20,60,PAV047
7,43,0,0.782342862,1,0,0,25,0,PAV047
7,44,0,1.033635882,1,0,0,25,0,PAV047
7,45,0,1.954920957,1,0,0,25,0,PAV047
8,1,0,0.889016,1,0,0,30,0,PAV047
8,2,0,0.986701295,1,0,0,30,0,PAV047
8,3,0,1.216529681,1,0,0,20,0,PAV047
8,4,0,1.287497356,1,0,0,20,0,PAV047
8,5,0,2.305850073,1,0,0,20,0,PAV047
8,6,1,1.427725575,1,3,1,30,90,PAV047
8,7,1,1.144589398,1,2,1,25,50,PAV047
8,8,1,1.4411432,0,0,0,20,0,PAV047
8,9,0,2.198925971,1,3,1,20,60,PAV047
8,10,0,1.190933878,1,1,1,30,30,PAV047
8,11,1,1.240178854,1,2,1,25,50,PAV047
8,12,1,1.438329375,0,0,0,25,0,PAV047
8,13,0,1.388625777,1,0,0,20,0,PAV047
8,14,0,0.790860056,1,0,0,30,0,PAV047
8,15,0,0.9707352,1,0,0,30,0,PAV047
8,16,1,1.0411208,1,3,1,25,75,PAV047
8,17,1,1.552877815,0,0,0,25,0,PAV047
8,18,0,1.9073248,1,1,1,25,25,PAV047
8,19,1,1.444322854,1,2,1,20,40,PAV047
8,20,0,1.243398234,1,0,0,30,0,PAV047
8,21,1,1.438721159,1,1,1,25,25,PAV047
8,22,1,1.826219078,1,3,1,30,90,PAV047
8,23,0,0.944853734,1,0,0,30,0,PAV047
8,24,0,1.323652102,1,0,0,30,0,PAV047
8,25,0,0.916242086,1,0,0,20,0,PAV047
8,26,1,1.075539695,1,3,1,20,60,PAV047
8,27,0,1.483478702,1,2,1,20,40,PAV047
8,28,0,1.3285829,1,0,0,20,0,PAV047
8,29,0,1.787454505,1,1,1,30,30,PAV047
8,30,1,1.168437835,1,3,1,25,75,PAV047
8,31,0,1.4866077,1,0,0,25,0,PAV047
8,32,0,1.118899932,1,2,1,20,40,PAV047
8,33,0,1.281746873,1,1,1,20,20,PAV047
8,34,1,1.301551065,1,2,1,30,60,PAV047
8,35,0,1.225789488,1,0,0,25,0,PAV047
8,36,0,1.399726076,1,1,1,30,30,PAV047
8,37,0,1.397541034,1,0,0,25,0,PAV047
8,38,0,1.180195191,1,0,0,30,0,PAV047
8,39,0,1.218649215,1,1,1,30,30,PAV047
8,40,1,1.759178176,1,2,1,30,60,PAV047
8,41,1,1.695802256,1,3,1,30,90,PAV047
8,42,1,2.120016012,0,0,0,30,0,PAV047
8,43,0,1.046660373,1,1,1,20,20,PAV047
8,44,0,1.20628681,1,0,0,25,0,PAV047
8,45,0,1.331733404,1,0,0,25,0,PAV047
21,1,1,4.191718822,0,0,0,20,0,PAV054
21,2,0,2.7678182,1,1,1,20,20,PAV054
21,3,0,2.2766998,1,0,0,25,0,PAV054
21,4,0,3.911200275,1,0,0,25,0,PAV054
21,5,0,3.6248518,1,0,0,30,0,PAV054
21,6,0,3.577424069,1,1,1,30,30,PAV054
21,7,0,2.0741146,1,0,0,25,0,PAV054
21,8,1,3.856429955,0,0,0,30,0,PAV054
21,9,0,1.594056981,1,0,0,20,0,PAV054
21,10,0,4.0395831,1,2,1,30,60,PAV054
21,11,0,4.06195751,1,3,1,20,60,PAV054
21,12,0,3.083037475,1,0,0,30,0,PAV054
21,13,0,3.467855135,1,0,0,30,0,PAV054
21,14,0,,0,0,0,30,0,PAV054
21,15,0,1.731582465,1,2,1,20,40,PAV054
21,16,0,2.134257441,1,0,0,25,0,PAV054
21,17,0,1.4113733,1,0,0,25,0,PAV054
21,18,0,3.72584328,1,2,1,25,50,PAV054
21,19,0,1.341595945,1,3,1,30,90,PAV054
21,20,0,2.640477461,1,0,0,25,0,PAV054
21,21,0,1.750718706,1,1,1,25,25,PAV054
21,22,0,1.773265114,1,0,0,30,0,PAV054
21,23,0,3.0994375,1,1,1,25,25,PAV054
21,24,1,2.202390543,1,2,1,25,50,PAV054
21,25,0,2.742430241,1,3,1,20,60,PAV054
21,26,1,1.480999496,1,3,1,25,75,PAV054
21,27,0,2.794121347,1,0,0,30,0,PAV054
21,28,0,3.0867385,1,1,1,30,30,PAV054
21,29,0,1.469152635,1,0,0,20,0,PAV054
21,30,1,1.841483728,1,2,1,30,60,PAV054
21,31,0,2.497525841,1,0,0,20,0,PAV054
21,32,0,2.032168857,1,3,1,20,60,PAV054
21,33,1,1.497851592,1,3,1,25,75,PAV054
21,34,0,1.3599242,1,3,1,30,90,PAV054
21,35,0,1.8710642,1,2,1,25,50,PAV054
21,36,0,3.216966106,1,0,0,30,0,PAV054
21,37,1,2.49785179,1,3,1,30,90,PAV054
21,38,1,2.379923426,1,2,1,20,40,PAV054
21,39,1,2.674598714,1,1,1,25,25,PAV054
21,40,0,2.716465394,1,2,1,25,50,PAV054
21,41,1,3.028175392,0,0,0,30,0,PAV054
21,42,0,3.7901447,1,0,0,25,0,PAV054
21,43,0,2.766366161,1,0,0,30,0,PAV054
21,44,1,2.8039416,0,0,0,20,0,PAV054
21,45,0,,0,1,1,20,20,PAV054
22,1,0,1.789983396,1,1,1,25,25,PAV054
22,2,1,1.803759137,1,2,1,30,60,PAV054
22,3,1,2.53250636,0,0,0,25,0,PAV054
22,4,0,2.918811966,1,0,0,25,0,PAV054
22,5,1,2.9449082,1,2,1,25,50,PAV054
22,6,1,1.839100879,1,3,1,20,60,PAV054
22,7,0,2.5326778,1,1,1,25,25,PAV054
22,8,1,2.697304969,0,0,0,20,0,PAV054
22,9,1,2.3095894,1,1,1,30,30,PAV054
22,10,0,1.841763111,1,0,0,25,0,PAV054
22,11,0,2.548704982,1,0,0,20,0,PAV054
22,12,0,1.491373487,1,0,0,30,0,PAV054
22,13,1,2.4669159,0,0,0,30,0,PAV054
22,14,0,2.099730553,1,2,1,20,40,PAV054
22,15,1,2.347505653,0,0,0,20,0,PAV054
22,16,0,1.756951394,1,0,0,25,0,PAV054
22,17,1,2.610763587,1,3,1,30,90,PAV054
22,18,0,2.208878458,1,0,0,20,0,PAV054
22,19,0,2.632430545,1,0,0,25,0,PAV054
22,20,1,3.274761407,1,3,1,25,75,PAV054
22,21,0,2.4607482,1,0,0,30,0,PAV054
22,22,1,1.291440031,1,2,1,20,40,PAV054
22,23,1,2.209042074,1,2,1,30,60,PAV054
22,24,0,1.712341,1,0,0,30,0,PAV054
22,25,0,1.356431895,1,1,1,20,20,PAV054
22,26,0,1.349913953,1,1,1,20,20,PAV054
22,27,1,1.195869601,1,3,1,25,75,PAV054
22,28,0,1.743985323,1,1,1,30,30,PAV054
22,29,0,1.474350576,1,0,0,25,0,PAV054
22,30,1,2.488006871,0,0,0,20,0,PAV054
22,31,0,2.259582174,1,0,0,20,0,PAV054
22,32,0,1.835441296,1,0,0,20,0,PAV054
22,33,0,2.179015381,1,3,1,30,90,PAV054
22,34,0,2.801305211,1,2,1,30,60,PAV054
22,35,1,2.6161785,1,3,1,20,60,PAV054
22,36,0,1.374588345,1,0,0,20,0,PAV054
22,37,0,1.421019665,1,1,1,30,30,PAV054
22,38,1,2.0816539,0,0,0,25,0,PAV054
22,39,0,1.7426875,1,0,0,30,0,PAV054
22,40,0,1.6006331,1,0,0,20,0,PAV054
22,41,0,2.806939407,1,2,1,20,40,PAV054
22,42,0,1.811295358,1,0,0,20,0,PAV054
22,43,0,1.4728424,1,1,1,20,20,PAV054
22,44,1,1.669959759,1,3,1,25,75,PAV054
22,45,0,2.403414458,1,0,0,25,0,PAV054
9,1,0,2.638418975,1,2,1,20,40,PAV055
9,2,0,2.113711318,1,0,0,25,0,PAV055
9,3,0,1.6561458,1,0,0,20,0,PAV055
9,4,0,1.496256447,1,0,0,20,0,PAV055
9,5,1,1.796480984,1,3,1,30,90,PAV055
9,6,0,2.4744535,1,3,1,20,60,PAV055
9,7,0,1.186158076,1,0,0,25,0,PAV055
9,8,0,1.930928275,1,1,1,30,30,PAV055
9,9,1,1.571136676,1,2,1,30,60,PAV055
9,10,0,2.037922066,1,0,0,20,0,PAV055
9,11,1,1.622873954,1,3,1,25,75,PAV055
9,12,0,1.1800533,1,0,0,25,0,PAV055
9,13,0,1.841703719,1,2,1,30,60,PAV055
9,14,0,1.570807637,1,0,0,25,0,PAV055
9,15,0,1.142776966,1,0,0,25,0,PAV055
9,16,0,1.664848076,1,3,1,30,90,PAV055
9,17,0,1.132638752,1,0,0,25,0,PAV055
9,18,0,0.938104152,1,0,0,30,0,PAV055
9,19,1,1.578177666,1,3,1,20,60,PAV055
9,20,0,2.348396506,1,0,0,25,0,PAV055
9,21,1,2.056317525,1,1,1,25,25,PAV055
9,22,0,1.468025615,1,3,1,30,90,PAV055
9,23,0,2.648348357,1,0,0,20,0,PAV055
9,24,1,1.642415776,1,1,1,30,30,PAV055
9,25,1,2.255328017,1,1,1,20,20,PAV055
9,26,0,1.263651055,1,1,1,25,25,PAV055
9,27,0,2.176607748,1,2,1,30,60,PAV055
9,28,0,1.8685326,1,2,1,20,40,PAV055
9,29,0,1.096013325,1,0,0,30,0,PAV055
9,30,1,1.5755447,1,3,1,20,60,PAV055
9,31,0,1.511063458,1,0,0,25,0,PAV055
9,32,1,1.787630456,1,1,1,25,25,PAV055
9,33,0,2.300295612,1,1,1,20,20,PAV055
9,34,0,1.066344122,1,0,0,30,0,PAV055
9,35,0,1.577983665,1,0,0,25,0,PAV055
9,36,1,1.868521708,1,2,1,25,50,PAV055
9,37,0,1.5543894,1,0,0,30,0,PAV055
9,38,0,1.215202827,1,0,0,25,0,PAV055
9,39,0,1.310345386,1,0,0,30,0,PAV055
9,40,1,1.714028066,1,2,1,30,60,PAV055
9,41,0,1.34918743,1,0,0,30,0,PAV055
9,42,0,1.751760697,1,0,0,25,0,PAV055
9,43,1,1.304825966,1,3,1,25,75,PAV055
9,44,0,4.317075,1,0,0,20,0,PAV055
9,45,1,2.438662915,1,2,1,25,50,PAV055
10,1,0,1.4805527,1,1,1,30,30,PAV055
10,2,0,1.574062932,1,0,0,20,0,PAV055
10,3,1,1.5330508,1,1,1,20,20,PAV055
10,4,0,1.0003981,1,0,0,20,0,PAV055
10,5,1,1.260704012,1,2,1,25,50,PAV055
10,6,1,0.988369659,1,2,1,20,40,PAV055
10,7,0,1.187748456,1,0,0,20,0,PAV055
10,8,0,1.240975599,1,0,0,25,0,PAV055
10,9,1,1.751967332,0,0,0,30,0,PAV055
10,10,0,1.550445277,1,1,1,25,25,PAV055
10,11,0,1.5920629,1,2,1,20,40,PAV055
10,12,0,1.038545913,1,1,1,20,20,PAV055
10,13,0,1.073992811,1,0,0,20,0,PAV055
10,14,1,1.5662714,1,3,1,25,75,PAV055
10,15,0,1.182434152,1,0,0,30,0,PAV055
10,16,1,1.541235679,1,3,1,25,75,PAV055
10,17,0,1.819295752,1,3,1,30,90,PAV055
10,18,1,1.5122106,1,3,1,20,60,PAV055
10,19,0,0.968988014,1,0,0,30,0,PAV055
10,20,0,1.279102631,1,1,1,20,20,PAV055
10,21,1,0.891951671,1,1,1,25,25,PAV055
10,22,0,1.388149497,1,0,0,30,0,PAV055
10,23,0,0.996548592,1,0,0,30,0,PAV055
10,24,0,1.320768155,1,2,1,30,60,PAV055
10,25,0,1.5492965,1,3,1,30,90,PAV055
10,26,0,1.538882955,1,0,0,30,0,PAV055
10,27,0,1.720494952,1,1,1,30,30,PAV055
10,28,0,1.365311352,1,0,0,30,0,PAV055
10,29,0,1.577250397,1,0,0,20,0,PAV055
10,30,0,0.918387889,1,0,0,20,0,PAV055
10,31,0,1.215332201,1,2,1,25,50,PAV055
10,32,0,1.270209038,1,0,0,20,0,PAV055
10,33,0,0.9979699,1,0,0,20,0,PAV055
10,34,0,0.942930136,1,0,0,25,0,PAV055
10,35,0,1.872550875,1,0,0,20,0,PAV055
10,36,0,1.224485049,1,0,0,25,0,PAV055
10,37,1,1.567428597,1,3,1,20,60,PAV055
10,38,0,1.690124952,1,0,0,25,0,PAV055
10,39,0,1.497984938,1,2,1,25,50,PAV055
10,40,0,1.305451131,1,1,1,30,30,PAV055
10,41,1,1.217276398,1,2,1,20,40,PAV055
10,42,0,1.3197834,1,0,0,20,0,PAV055
10,43,0,1.222426972,1,0,0,30,0,PAV055
10,44,1,1.327637159,1,3,1,25,75,PAV055
10,45,0,1.483501451,1,0,0,30,0,PAV055
11,1,0,1.7420996,1,0,0,30,0,PAV056
11,2,1,1.623348364,1,2,1,30,60,PAV056
11,3,0,1.913625612,1,1,1,30,30,PAV056
11,4,0,2.037435853,1,1,1,25,25,PAV056
11,5,0,1.622075745,1,0,0,20,0,PAV056
11,6,0,1.739960156,1,0,0,30,0,PAV056
11,7,1,2.833411631,1,3,1,30,90,PAV056
11,8,0,2.808716798,1,1,1,30,30,PAV056
11,9,0,1.843612831,1,0,0,30,0,PAV056
11,10,0,2.905180733,1,0,0,30,0,PAV056
11,11,0,2.469552348,1,0,0,30,0,PAV056
11,12,1,1.907116,1,2,1,25,50,PAV056
11,13,0,3.842235114,1,0,0,30,0,PAV056
11,14,0,2.053219581,1,0,0,30,0,PAV056
11,15,0,1.923107444,1,1,1,30,30,PAV056
11,16,0,2.917788039,1,0,0,25,0,PAV056
11,17,0,2.695088234,1,0,0,30,0,PAV056
11,18,0,2.847352551,1,0,0,20,0,PAV056
11,19,0,3.095343572,1,0,0,30,0,PAV056
11,20,1,2.757538192,1,3,1,25,75,PAV056
11,21,0,2.0891087,1,0,0,25,0,PAV056
11,22,0,1.982825934,1,2,1,20,40,PAV056
11,23,0,3.087638643,1,0,0,20,0,PAV056
11,24,0,2.249272001,1,0,0,30,0,PAV056
11,25,0,4.0882629,1,1,1,25,25,PAV056
11,26,1,1.705116153,1,3,1,20,60,PAV056
11,27,0,1.78532927,1,0,0,30,0,PAV056
11,28,0,3.5376865,1,0,0,25,0,PAV056
11,29,0,3.212768501,1,0,0,25,0,PAV056
11,30,0,2.357855756,1,0,0,25,0,PAV056
11,31,0,1.743255114,1,0,0,25,0,PAV056
11,32,1,1.745078215,1,3,1,25,75,PAV056
11,33,0,2.7134851,1,1,1,25,25,PAV056
11,34,1,2.178995934,1,3,1,20,60,PAV056
11,35,1,2.631597092,1,2,1,20,40,PAV056
11,36,1,3.3011716,1,2,1,30,60,PAV056
11,37,1,2.920211614,0,0,0,25,0,PAV056
11,38,1,2.224540314,1,3,1,30,90,PAV056
11,39,0,2.7443957,1,2,1,20,40,PAV056
11,40,1,2.100017873,1,1,1,20,20,PAV056
11,41,1,2.806882653,1,3,1,20,60,PAV056
11,42,0,4.353140115,1,2,1,30,60,PAV056
11,43,0,1.903158734,1,3,1,30,90,PAV056
11,44,0,2.332180792,1,0,0,25,0,PAV056
11,45,1,2.038190359,1,2,1,25,50,PAV056
12,1,0,2.085270635,1,0,0,20,0,PAV056
12,2,0,2.424290455,1,2,1,25,50,PAV056
12,3,0,2.448560047,1,0,0,20,0,PAV056
12,4,1,2.055975894,1,3,1,25,75,PAV056
12,5,0,2.093837574,1,0,0,25,0,PAV056
12,6,1,1.732436892,1,3,1,30,90,PAV056
12,7,1,1.8117782,0,0,0,25,0,PAV056
12,8,0,2.559705013,1,0,0,25,0,PAV056
12,9,0,1.967196494,1,1,1,20,20,PAV056
12,10,0,2.226145745,1,0,0,30,0,PAV056
12,11,1,1.489075135,1,3,1,20,60,PAV056
12,12,0,1.456732203,1,1,1,20,20,PAV056
12,13,0,1.999230297,1,0,0,20,0,PAV056
12,14,1,2.320371916,0,0,0,20,0,PAV056
12,15,1,2.876369813,1,2,1,20,40,PAV056
12,16,0,1.821351774,1,1,1,25,25,PAV056
12,17,0,1.9630245,1,0,0,20,0,PAV056
12,18,0,2.416919913,1,1,1,25,25,PAV056
12,19,0,2.247547855,1,0,0,20,0,PAV056
12,20,0,2.130230352,1,0,0,20,0,PAV056
12,21,0,2.024837811,1,1,1,20,20,PAV056
12,22,1,3.763256714,0,0,0,20,0,PAV056
12,23,0,2.372184018,1,3,1,25,75,PAV056
12,24,0,1.786032387,1,0,0,30,0,PAV056
12,25,0,,0,0,0,20,0,PAV056
12,26,0,1.468511896,1,0,0,25,0,PAV056
12,27,0,1.417948833,1,3,1,30,90,PAV056
12,28,0,1.686141,1,1,1,20,20,PAV056
12,29,0,1.199783339,1,2,1,30,60,PAV056
12,30,0,1.167827483,1,0,0,20,0,PAV056
12,31,0,1.711911714,1,0,0,20,0,PAV056
12,32,0,2.267561511,1,0,0,25,0,PAV056
12,33,1,1.551502355,1,2,1,25,50,PAV056
12,34,0,1.325958692,1,0,0,30,0,PAV056
12,35,1,2.170228618,1,3,1,20,60,PAV056
12,36,0,1.844463435,1,3,1,25,75,PAV056
12,37,0,1.439427714,1,2,1,20,40,PAV056
12,38,0,1.622531612,1,0,0,25,0,PAV056
12,39,0,2.556800655,1,1,1,30,30,PAV056
12,40,0,3.085358748,1,2,1,25,50,PAV056
12,41,0,1.629517616,1,0,0,20,0,PAV056
12,42,1,1.274382584,1,2,1,30,60,PAV056
12,43,0,1.735238355,1,0,0,30,0,PAV056
12,44,1,1.570434412,1,1,1,30,30,PAV056
12,45,0,1.775713716,1,0,0,25,0,PAV056
8,1,0,3.322653299,1,0,0,20,0,PAV058
8,2,1,3.5682503,1,2,1,20,40,PAV058
8,3,1,1.7871229,1,3,1,30,90,PAV058
8,4,1,2.419011221,0,0,0,20,0,PAV058
8,5,1,2.849715258,1,3,1,30,90,PAV058
8,6,0,1.77278034,1,1,1,20,20,PAV058
8,7,0,3.8836349,1,2,1,25,50,PAV058
8,8,0,1.655046201,1,1,1,20,20,PAV058
8,9,0,2.221550653,1,0,0,20,0,PAV058
8,10,0,1.405553479,1,0,0,25,0,PAV058
8,11,1,3.152243646,0,0,0,25,0,PAV058
8,12,1,2.64633364,1,3,1,25,75,PAV058
8,13,0,1.490398899,1,0,0,25,0,PAV058
8,14,1,2.28197196,1,2,1,25,50,PAV058
8,15,0,1.34152732,1,0,0,25,0,PAV058
8,16,0,1.691178985,1,1,1,20,20,PAV058
8,17,0,1.378751594,1,2,1,30,60,PAV058
8,18,0,0.729251779,1,1,1,30,30,PAV058
8,19,0,1.036040194,1,0,0,25,0,PAV058
8,20,0,0.98740544,1,0,0,30,0,PAV058
8,21,0,0.67861396,1,3,1,25,75,PAV058
8,22,0,1.544468012,1,3,1,25,75,PAV058
8,23,0,1.14710586,1,0,0,25,0,PAV058
8,24,1,1.882091919,1,3,1,20,60,PAV058
8,25,0,1.489401026,1,0,0,25,0,PAV058
8,26,0,2.728880296,1,0,0,30,0,PAV058
8,27,1,1.25662864,1,2,1,30,60,PAV058
8,28,0,3.127175434,1,2,1,20,40,PAV058
8,29,0,1.169335372,1,0,0,30,0,PAV058
8,30,0,1.17321717,1,1,1,25,25,PAV058
8,31,0,1.850789823,1,0,0,25,0,PAV058
8,32,0,1.14530976,1,0,0,25,0,PAV058
8,33,1,2.60669484,1,3,1,20,60,PAV058
8,34,0,1.997923255,1,0,0,25,0,PAV058
8,35,0,2.372726,1,2,1,25,50,PAV058
8,36,0,2.69178234,1,0,0,20,0,PAV058
8,37,1,4.072155599,1,3,1,20,60,PAV058
8,38,0,0.834580179,1,0,0,30,0,PAV058
8,39,0,1.503302757,1,0,0,30,0,PAV058
8,40,0,1.524920872,1,0,0,30,0,PAV058
8,41,0,1.040116355,1,1,1,20,20,PAV058
8,42,0,3.838220677,1,1,1,20,20,PAV058
8,43,0,1.2577954,1,0,0,25,0,PAV058
8,44,0,1.228553577,1,0,0,30,0,PAV058
8,45,0,,0,2,1,20,40,PAV058
9,1,0,1.362575757,1,1,1,25,25,PAV058
9,2,0,1.527047915,1,0,0,30,0,PAV058
9,3,1,1.406256652,1,3,1,30,90,PAV058
9,4,0,0.9199265,1,0,0,20,0,PAV058
9,5,0,1.052278868,1,0,0,20,0,PAV058
9,6,0,0.984499749,1,1,1,30,30,PAV058
9,7,0,0.926291588,1,0,0,20,0,PAV058
9,8,0,0.970898695,1,0,0,25,0,PAV058
9,9,0,1.305454132,1,0,0,30,0,PAV058
9,10,0,0.945545137,1,1,1,25,25,PAV058
9,11,0,1.057069408,1,0,0,20,0,PAV058
9,12,0,0.786850409,1,0,0,30,0,PAV058
9,13,0,0.794115988,1,0,0,30,0,PAV058
9,14,0,1.283882786,1,1,1,30,30,PAV058
9,15,1,1.9547197,1,2,1,20,40,PAV058
9,16,1,1.983049308,1,2,1,25,50,PAV058
9,17,0,1.704989498,1,0,0,20,0,PAV058
9,18,1,1.73320501,1,1,1,25,25,PAV058
9,19,0,1.0820985,1,0,0,20,0,PAV058
9,20,0,1.634895255,1,0,0,30,0,PAV058
9,21,0,1.978673477,1,1,1,30,30,PAV058
9,22,0,1.392451888,1,2,1,30,60,PAV058
9,23,1,2.077993696,0,0,0,25,0,PAV058
9,24,0,1.3923657,1,0,0,20,0,PAV058
9,25,0,1.205706238,1,0,0,20,0,PAV058
9,26,0,1.4014329,1,0,0,20,0,PAV058
9,27,1,1.6725652,1,3,1,25,75,PAV058
9,28,0,2.389259536,1,2,1,30,60,PAV058
9,29,0,1.232740895,1,1,1,30,30,PAV058
9,30,1,1.570660588,1,3,1,20,60,PAV058
9,31,0,2.576251936,1,0,0,20,0,PAV058
9,32,1,1.35234179,1,3,1,30,90,PAV058
9,33,0,2.163376247,1,0,0,25,0,PAV058
9,34,1,2.007408908,0,0,0,30,0,PAV058
9,35,1,1.529015896,0,0,0,25,0,PAV058
9,36,1,3.760403883,1,2,1,30,60,PAV058
9,37,0,1.910861508,1,2,1,20,40,PAV058
9,38,0,1.634675368,1,1,1,25,25,PAV058
9,39,1,1.467466426,1,2,1,25,50,PAV058
9,40,0,1.39836121,1,3,1,20,60,PAV058
9,41,0,1.012496009,1,0,0,30,0,PAV058
9,42,0,1.131643716,1,0,0,30,0,PAV058
9,43,0,0.778255435,1,0,0,20,0,PAV058
9,44,1,1.518348649,1,3,1,25,75,PAV058
9,45,1,1.8073937,1,3,1,30,90,PAV058
11,1,0,2.636913,1,3,1,30,90,PAV068
11,2,0,1.719899,1,0,0,25,0,PAV068
11,3,0,1.5024499,1,0,0,30,0,PAV068
11,4,0,2.744624,1,2,1,20,40,PAV068
11,5,0,2.4627025,1,1,1,25,25,PAV068
11,6,0,2.1712372,1,3,1,20,60,PAV068
11,7,0,2.1838163,1,1,1,20,20,PAV068
11,8,1,2.0567259,1,1,1,20,20,PAV068
11,9,1,1.9584768,1,3,1,25,75,PAV068
11,10,0,1.4381556,1,0,0,20,0,PAV068
11,11,0,2.0028347,1,0,0,20,0,PAV068
11,12,0,2.3701506,1,3,1,25,75,PAV068
11,13,0,1.3256399,1,1,1,30,30,PAV068
11,14,0,2.456491,1,1,1,25,25,PAV068
11,15,0,1.7513706,1,0,0,30,0,PAV068
11,16,0,1.7825143,1,0,0,30,0,PAV068
11,17,0,1.6053922,1,0,0,25,0,PAV068
11,18,1,2.6035278,0,0,0,20,0,PAV068
11,19,0,1.8157165,1,0,0,25,0,PAV068
11,20,0,2.2202899,1,0,0,30,0,PAV068
11,21,0,1.9128276,1,0,0,20,0,PAV068
11,22,0,1.3251175,1,2,1,30,60,PAV068
11,23,0,1.2654992,1,1,1,30,30,PAV068
11,24,1,2.4912141,1,2,1,25,50,PAV068
11,25,0,2.2421508,1,0,0,25,0,PAV068
11,26,0,2.1455539,1,2,1,20,40,PAV068
11,27,0,2.4194754,1,0,0,30,0,PAV068
11,28,1,1.9553738,1,3,1,25,75,PAV068
11,29,1,1.9077466,1,2,1,25,50,PAV068
11,30,0,2.2706021,1,0,0,20,0,PAV068
11,31,0,2.679652,1,0,0,25,0,PAV068
11,32,0,3.2344161,1,0,0,20,0,PAV068
11,33,1,1.5829361,1,2,1,25,50,PAV068
11,34,0,2.4499072,1,0,0,30,0,PAV068
11,35,1,2.9185256,0,0,0,30,0,PAV068
11,36,0,1.7203652,1,1,1,25,25,PAV068
11,37,0,1.864535,1,0,0,20,0,PAV068
11,38,0,2.4534488,1,3,1,20,60,PAV068
11,39,0,1.6324636,1,2,1,20,40,PAV068
11,40,0,2.3328086,1,0,0,25,0,PAV068
11,41,1,2.801399,1,3,1,30,90,PAV068
11,42,0,2.0042054,1,0,0,20,0,PAV068
11,43,1,3.0174512,1,2,1,20,40,PAV068
11,44,1,1.9850609,1,3,1,25,75,PAV068
11,45,0,1.8780849,1,0,0,20,0,PAV068
12,1,0,1.8715551,1,0,0,25,0,PAV068
12,2,0,1.7853541,1,1,1,30,30,PAV068
12,3,0,1.4160718,1,0,0,30,0,PAV068
12,4,1,1.4085489,1,1,1,20,20,PAV068
12,5,0,1.6536578,1,1,1,20,20,PAV068
12,6,0,1.7110958,1,0,0,25,0,PAV068
12,7,0,1.2533893,1,0,0,25,0,PAV068
12,8,0,1.5737789,1,0,0,30,0,PAV068
12,9,0,1.6817639,1,0,0,30,0,PAV068
12,10,0,1.9724595,1,0,0,30,0,PAV068
12,11,0,1.6421116,1,3,1,25,75,PAV068
12,12,0,1.5632346,1,3,1,20,60,PAV068
12,13,1,2.1271774,1,2,1,30,60,PAV068
12,14,0,1.9824822,1,2,1,30,60,PAV068
12,15,0,1.5958374,1,0,0,20,0,PAV068
12,16,0,1.8077448,1,0,0,25,0,PAV068
12,17,0,1.3345514,1,3,1,20,60,PAV068
12,18,0,1.1706378,1,0,0,30,0,PAV068
12,19,0,1.8448025,1,0,0,25,0,PAV068
12,20,0,1.5544139,1,1,1,30,30,PAV068
12,21,0,1.9894494,1,1,1,25,25,PAV068
12,22,0,2.2105642,1,3,1,30,90,PAV068
12,23,0,1.962541,1,2,1,25,50,PAV068
12,24,1,3.2404823,0,0,0,25,0,PAV068
12,25,0,1.5599514,1,3,1,30,90,PAV068
12,26,0,1.6998521,1,3,1,20,60,PAV068
12,27,0,2.6424328,1,0,0,30,0,PAV068
12,28,0,1.7309444,1,2,1,20,40,PAV068
12,29,0,2.0114175,1,0,0,20,0,PAV068
12,30,0,1.3227493,1,0,0,30,0,PAV068
12,31,0,1.6174953,1,0,0,20,0,PAV068
12,32,0,1.4061065,1,1,1,30,30,PAV068
12,33,0,1.178945,1,1,1,20,20,PAV068
12,34,1,2.7920088,1,2,1,30,60,PAV068
12,35,0,1.7231383,1,2,1,25,50,PAV068
12,36,0,1.7905398,1,0,0,20,0,PAV068
12,37,1,1.8317531,0,0,0,20,0,PAV068
12,38,0,1.53255,1,0,0,25,0,PAV068
12,39,0,1.9517809,1,0,0,20,0,PAV068
12,40,0,2.4206052,1,1,1,25,25,PAV068
12,41,0,1.8187162,1,0,0,25,0,PAV068
12,42,0,1.7868027,1,2,1,30,60,PAV068
12,43,0,1.899031,1,0,0,25,0,PAV068
12,44,0,1.5736788,1,0,0,30,0,PAV068
12,45,1,1.5744924,1,3,1,30,90,PAV068
13,1,0,2.837474651,1,0,0,30,0,PAV069
13,2,1,3.154763888,1,3,1,20,60,PAV069
13,3,0,2.187821126,1,2,1,25,50,PAV069
13,4,0,2.018531107,1,1,1,25,25,PAV069
13,5,0,1.250978328,1,3,1,20,60,PAV069
13,6,0,1.404217896,1,0,0,30,0,PAV069
13,7,0,1.839313176,1,2,1,20,40,PAV069
13,8,0,1.676364387,1,1,1,20,20,PAV069
13,9,0,1.8540258,1,1,1,25,25,PAV069
13,10,0,1.426287791,1,0,0,20,0,PAV069
13,11,0,2.226057786,1,0,0,20,0,PAV069
13,12,1,2.320428954,1,3,1,30,90,PAV069
13,13,1,2.105626678,1,2,1,30,60,PAV069
13,14,0,2.723873687,1,2,1,20,40,PAV069
13,15,1,1.663354158,1,2,1,30,60,PAV069
13,16,1,1.6869354,1,3,1,30,90,PAV069
13,17,0,1.966361206,1,1,1,30,30,PAV069
13,18,0,1.882446048,1,0,0,25,0,PAV069
13,19,0,1.657341567,1,0,0,30,0,PAV069
13,20,0,2.380370967,1,2,1,20,40,PAV069
13,21,0,1.443443466,1,0,0,25,0,PAV069
13,22,1,2.286774876,1,3,1,25,75,PAV069
13,23,0,2.311012079,1,0,0,20,0,PAV069
13,24,0,2.548855538,1,2,1,30,60,PAV069
13,25,0,1.756138324,1,0,0,30,0,PAV069
13,26,0,2.669475334,1,0,0,30,0,PAV069
13,27,0,1.424881565,1,0,0,20,0,PAV069
13,28,0,2.105583776,1,3,1,20,60,PAV069
13,29,1,2.182869107,0,0,0,25,0,PAV069
13,30,0,3.369523287,1,2,1,30,60,PAV069
13,31,0,2.494821247,1,0,0,20,0,PAV069
13,32,0,3.367405278,1,0,0,20,0,PAV069
13,33,0,3.231409267,1,0,0,20,0,PAV069
13,34,0,1.646510795,1,0,0,25,0,PAV069
13,35,1,2.293308347,0,0,0,30,0,PAV069
13,36,0,1.359120608,1,0,0,30,0,PAV069
13,37,0,4.051181347,1,1,1,20,20,PAV069
13,38,1,1.916430399,1,1,1,20,20,PAV069
13,39,0,2.279843287,1,0,0,30,0,PAV069
13,40,0,1.869252787,1,1,1,30,30,PAV069
13,41,0,2.322657689,1,0,0,30,0,PAV069
13,42,1,2.441943145,1,3,1,25,75,PAV069
13,43,0,2.685427635,1,0,0,25,0,PAV069
13,44,0,3.089344137,1,3,1,30,90,PAV069
13,45,0,3.537809117,1,0,0,20,0,PAV069
14,1,0,1.628582336,1,0,0,20,0,PAV069
14,2,0,1.333518238,1,0,0,25,0,PAV069
14,3,0,2.145252836,1,0,0,30,0,PAV069
14,4,0,1.064295456,1,0,0,20,0,PAV069
14,5,0,1.761167036,1,3,1,25,75,PAV069
14,6,0,1.772707195,1,0,0,25,0,PAV069
14,7,0,2.472817495,1,0,0,25,0,PAV069
14,8,0,2.405289956,1,0,0,30,0,PAV069
14,9,1,2.736269579,1,3,1,30,90,PAV069
14,10,0,2.014854216,1,0,0,30,0,PAV069
14,11,0,2.589376456,1,0,0,20,0,PAV069
14,12,0,2.1173401,1,1,1,25,25,PAV069
14,13,0,2.207203079,1,0,0,25,0,PAV069
14,14,0,1.363719919,1,0,0,25,0,PAV069
14,15,0,1.7394471,1,3,1,20,60,PAV069
14,16,0,1.802136576,1,2,1,25,50,PAV069
14,17,1,3.0073552,1,2,1,20,40,PAV069
14,18,1,2.712676198,1,1,1,25,25,PAV069
14,19,0,2.047015876,1,0,0,20,0,PAV069
14,20,0,2.576050979,1,1,1,30,30,PAV069
14,21,1,3.095387079,1,1,1,20,20,PAV069
14,22,1,2.859683186,1,1,1,20,20,PAV069
14,23,0,1.704295914,1,0,0,25,0,PAV069
14,24,0,2.646373895,1,3,1,25,75,PAV069
14,25,0,2.4932625,1,0,0,25,0,PAV069
14,26,0,1.408277676,1,0,0,30,0,PAV069
14,27,1,2.5262031,0,0,0,20,0,PAV069
14,28,0,2.00492344,1,0,0,20,0,PAV069
14,29,0,1.752817956,1,2,1,20,40,PAV069
14,30,0,2.643549126,1,0,0,30,0,PAV069
14,31,1,2.652743499,1,2,1,30,60,PAV069
14,32,0,1.554860936,1,1,1,30,30,PAV069
14,33,0,1.027125299,1,0,0,30,0,PAV069
14,34,1,1.667679936,1,2,1,25,50,PAV069
14,35,0,1.366893479,1,1,1,30,30,PAV069
14,36,0,2.003458379,1,0,0,25,0,PAV069
14,37,0,1.458605656,1,0,0,20,0,PAV069
14,38,0,1.853000956,1,2,1,25,50,PAV069
14,39,1,1.836599735,1,3,1,25,75,PAV069
14,40,1,2.112166675,1,3,1,20,60,PAV069
14,41,0,1.743999216,1,0,0,25,0,PAV069
14,42,0,2.546281298,1,3,1,30,90,PAV069
14,43,0,2.493818039,1,1,1,25,25,PAV069
14,44,0,2.300963375,1,0,0,25,0,PAV069
14,45,0,2.703330236,1,2,1,25,50,PAV069
18,1,0,2.604489329,1,0,0,20,0,PAV070
18,2,1,1.04541114,1,3,1,30,90,PAV070
18,3,1,1.8547476,1,2,1,25,50,PAV070
18,4,1,1.549484111,1,1,1,20,20,PAV070
18,5,0,1.482662529,1,3,1,20,60,PAV070
18,6,0,1.9874342,1,0,0,30,0,PAV070
18,7,0,1.9058644,1,0,0,30,0,PAV070
18,8,1,1.773806312,0,0,0,30,0,PAV070
18,9,0,1.2824629,1,1,1,30,30,PAV070
18,10,0,1.272527546,1,0,0,30,0,PAV070
18,11,0,1.56071,1,0,0,25,0,PAV070
18,12,1,1.442391,0,0,0,20,0,PAV070
18,13,0,3.349525512,1,2,1,20,40,PAV070
18,14,0,1.968649777,1,3,1,20,60,PAV070
18,15,0,1.25137863,1,0,0,30,0,PAV070
18,16,1,1.21635789,1,2,1,25,50,PAV070
18,17,0,0.77790779,1,1,1,20,20,PAV070
18,18,0,1.232839678,1,0,0,20,0,PAV070
18,19,0,1.3736236,1,2,1,25,50,PAV070
18,20,0,1.590417498,1,0,0,25,0,PAV070
18,21,1,1.0709911,1,3,1,25,75,PAV070
18,22,0,1.1460107,1,0,0,30,0,PAV070
18,23,0,1.005685048,1,0,0,20,0,PAV070
18,24,1,1.525417949,1,3,1,20,60,PAV070
18,25,0,0.986842529,1,1,1,30,30,PAV070
18,26,0,1.021445829,1,0,0,20,0,PAV070
18,27,1,1.041477873,1,1,1,25,25,PAV070
18,28,1,1.172723809,1,2,1,30,60,PAV070
18,29,0,2.314571765,1,2,1,25,50,PAV070
18,30,0,1.767335909,1,2,1,25,50,PAV070
18,31,1,1.597994,1,3,1,20,60,PAV070
18,32,0,1.349853489,1,0,0,25,0,PAV070
18,33,1,1.469560497,0,0,0,20,0,PAV070
18,34,0,1.364537098,1,0,0,30,0,PAV070
18,35,1,1.063677678,1,3,1,20,60,PAV070
18,36,0,1.246797899,1,0,0,20,0,PAV070
18,37,0,1.580065029,1,3,1,30,90,PAV070
18,38,1,1.76503229,1,2,1,30,60,PAV070
18,39,0,1.418763219,1,1,1,25,25,PAV070
18,40,0,1.223904109,1,0,0,30,0,PAV070
18,41,0,1.354870937,1,0,0,25,0,PAV070
18,42,0,1.32955029,1,1,1,20,20,PAV070
18,43,0,1.514858129,1,0,0,20,0,PAV070
18,44,0,1.323397459,1,0,0,30,0,PAV070
18,45,0,1.17357869,1,0,0,20,0,PAV070
19,1,0,1.1908818,1,1,1,30,30,PAV070
19,2,0,1.931141798,1,2,1,20,40,PAV070
19,3,0,2.030449799,1,1,1,20,20,PAV070
19,4,0,1.078519438,1,0,0,30,0,PAV070
19,5,0,1.100658037,1,0,0,25,0,PAV070
19,6,0,1.549943613,1,3,1,25,75,PAV070
19,7,0,1.4104721,1,0,0,20,0,PAV070
19,8,1,1.163192613,1,3,1,30,90,PAV070
19,9,0,1.601232713,1,0,0,20,0,PAV070
19,10,0,1.5950535,1,0,0,25,0,PAV070
19,11,0,1.427444819,1,0,0,25,0,PAV070
19,12,0,1.331056758,1,0,0,25,0,PAV070
19,13,0,1.069706877,1,0,0,30,0,PAV070
19,14,0,1.946936351,1,0,0,30,0,PAV070
19,15,0,1.233381933,1,0,0,25,0,PAV070
19,16,1,1.197605412,0,0,0,30,0,PAV070
19,17,0,,0,3,1,25,75,PAV070
19,18,0,1.484110899,1,2,1,30,60,PAV070
19,19,0,1.4059873,1,0,0,25,0,PAV070
19,20,0,1.3642119,1,0,0,25,0,PAV070
19,21,1,2.302478679,1,2,1,30,60,PAV070
19,22,0,1.6032552,1,0,0,20,0,PAV070
19,23,0,1.479144818,1,2,1,20,40,PAV070
19,24,1,1.541016873,1,1,1,20,20,PAV070
19,25,0,1.870146631,1,1,1,25,25,PAV070
19,26,1,0.8495537,1,3,1,25,75,PAV070
19,27,0,0.947524578,1,1,1,25,25,PAV070
19,28,0,2.462052657,1,0,0,25,0,PAV070
19,29,0,1.042557742,1,0,0,25,0,PAV070
19,30,0,1.919237113,1,0,0,25,0,PAV070
19,31,0,1.001909973,1,0,0,20,0,PAV070
19,32,1,2.021346972,0,0,0,30,0,PAV070
19,33,0,0.688149358,1,3,1,30,90,PAV070
19,34,1,1.531653313,1,2,1,30,60,PAV070
19,35,0,2.132788678,1,0,0,20,0,PAV070
19,36,1,1.751613973,1,2,1,20,40,PAV070
19,37,0,1.6232627,1,0,0,30,0,PAV070
19,38,0,1.146852054,1,1,1,25,25,PAV070
19,39,0,1.162137218,1,0,0,25,0,PAV070
19,40,1,2.065295371,1,2,1,20,40,PAV070
19,41,1,1.262394653,1,3,1,30,90,PAV070
19,42,0,1.202797777,1,1,1,30,30,PAV070
19,43,0,1.212558837,1,0,0,20,0,PAV070
19,44,1,2.103462398,1,1,1,30,30,PAV070
19,45,1,1.008551933,1,3,1,25,75,PAV070
14,1,0,4.4269962,1,1,1,25,25,PAV071
14,2,0,1.5160469,1,0,0,30,0,PAV071
14,3,0,1.0506449,1,0,0,25,0,PAV071
14,4,1,1.1113361,0,0,0,30,0,PAV071
14,5,0,0.9473062,1,1,1,25,25,PAV071
14,6,1,1.40171,1,3,1,30,90,PAV071
14,7,0,1.8941531,1,0,0,25,0,PAV071
14,8,0,0.9661272,1,0,0,25,0,PAV071
14,9,0,1.0169925,1,0,0,30,0,PAV071
14,10,0,3.1117817,1,2,1,25,50,PAV071
14,11,0,1.3154236,1,0,0,20,0,PAV071
14,12,0,1.4504261,1,0,0,30,0,PAV071
14,13,1,1.0628245,1,2,1,30,60,PAV071
14,14,0,1.2861758,1,0,0,25,0,PAV071
14,15,0,2.4944168,1,1,1,20,20,PAV071
14,16,1,3.074912,1,3,1,25,75,PAV071
14,17,0,1.1329433,1,0,0,20,0,PAV071
14,18,0,1.4079403,1,0,0,20,0,PAV071
14,19,0,1.1230404,1,0,0,30,0,PAV071
14,20,1,1.8492953,0,0,0,30,0,PAV071
14,21,0,1.9337851,1,0,0,25,0,PAV071
14,22,0,1.1408961,1,2,1,25,50,PAV071
14,23,0,1.511453,1,0,0,30,0,PAV071
14,24,0,0.9830322,1,0,0,20,0,PAV071
14,25,1,1.2212868,1,3,1,25,75,PAV071
14,26,1,1.9277314,1,2,1,30,60,PAV071
14,27,0,1.202391,1,2,1,20,40,PAV071
14,28,1,1.4835048,1,3,1,25,75,PAV071
14,29,1,1.4561644,1,2,1,20,40,PAV071
14,30,0,1.5925394,1,3,1,20,60,PAV071
14,31,1,1.5096833,1,1,1,25,25,PAV071
14,32,0,2.3521751,1,0,0,30,0,PAV071
14,33,0,2.2303168,1,3,1,20,60,PAV071
14,34,0,1.0916072,1,0,0,25,0,PAV071
14,35,1,2.6118584,1,2,1,20,40,PAV071
14,36,1,1.8220321,1,2,1,30,60,PAV071
14,37,1,1.4701646,1,3,1,30,90,PAV071
14,38,0,1.4337596,1,0,0,20,0,PAV071
14,39,0,1.1602667,1,0,0,25,0,PAV071
14,40,0,1.5550547,1,1,1,20,20,PAV071
14,41,1,1.2986201,0,0,0,30,0,PAV071
14,42,0,0.9556116,1,0,0,25,0,PAV071
14,43,0,1.1938211,1,1,1,25,25,PAV071
14,44,1,1.9717102,1,3,1,20,60,PAV071
14,45,0,1.0430827,1,1,1,20,20,PAV071
15,1,0,1.2054591,1,0,0,20,0,PAV071
15,2,0,2.5732648,1,2,1,20,40,PAV071
15,3,1,1.3998903,0,0,0,20,0,PAV071
15,4,1,2.2789302,1,3,1,30,90,PAV071
15,5,1,1.4885438,1,3,1,30,90,PAV071
15,6,0,1.4175043,1,0,0,20,0,PAV071
15,7,1,1.1399338,1,3,1,30,90,PAV071
15,8,0,1.0100189,1,0,0,20,0,PAV071
15,9,0,1.4512257,1,0,0,25,0,PAV071
15,10,0,1.6719368,1,0,0,25,0,PAV071
15,11,0,0.9888249,1,0,0,20,0,PAV071
15,12,0,1.9122518,1,0,0,25,0,PAV071
15,13,0,2.0501943,1,0,0,30,0,PAV071
15,14,0,1.8200046,1,0,0,20,0,PAV071
15,15,0,1.1536929,1,0,0,20,0,PAV071
15,16,0,1.1852759,1,0,0,25,0,PAV071
15,17,0,1.4687554,1,2,1,30,60,PAV071
15,18,0,1.6786928,1,0,0,25,0,PAV071
15,19,1,2.2249333,1,3,1,20,60,PAV071
15,20,1,2.5223357,0,0,0,20,0,PAV071
15,21,0,1.1616636,1,0,0,30,0,PAV071
15,22,1,1.3156872,1,3,1,25,75,PAV071
15,23,1,1.7842262,1,2,1,25,50,PAV071
15,24,1,1.4182983,1,1,1,30,30,PAV071
15,25,0,1.5856039,1,0,0,20,0,PAV071
15,26,0,1.7214516,1,2,1,25,50,PAV071
15,27,0,2.1940166,1,1,1,30,30,PAV071
15,28,0,1.4642574,1,1,1,20,20,PAV071
15,29,0,1.1550828,1,1,1,30,30,PAV071
15,30,0,1.6344441,1,0,0,30,0,PAV071
15,31,0,2.1240233,1,1,1,20,20,PAV071
15,32,0,0.9422272,1,0,0,20,0,PAV071
15,33,0,1.6122712,1,1,1,25,25,PAV071
15,34,0,2.4015466,1,3,1,25,75,PAV071
15,35,1,1.6347166,1,2,1,25,50,PAV071
15,36,1,1.0439897,1,2,1,30,60,PAV071
15,37,1,2.2176716,1,2,1,20,40,PAV071
15,38,0,2.2419423,1,0,0,25,0,PAV071
15,39,0,1.2005913,1,1,1,30,30,PAV071
15,40,0,1.1329152,1,0,0,30,0,PAV071
15,41,1,1.0910185,1,3,1,20,60,PAV071
15,42,0,1.5959167,1,0,0,30,0,PAV071
15,43,0,1.5820717,1,1,1,30,30,PAV071
15,44,0,1.488037,1,0,0,25,0,PAV071
15,45,0,1.0096101,1,0,0,30,0,PAV071
10,1,1,2.3052915,1,3,1,30,90,PAV075
10,2,1,2.8177022,1,3,1,20,60,PAV075
10,3,0,1.504011,1,0,0,25,0,PAV075
10,4,1,2.5129532,1,2,1,20,40,PAV075
10,5,0,1.3956988,1,0,0,20,0,PAV075
10,6,0,1.2364886,1,0,0,20,0,PAV075
10,7,0,1.3433884,1,2,1,25,50,PAV075
10,8,0,1.634459,1,0,0,30,0,PAV075
10,9,0,1.6021304,1,0,0,30,0,PAV075
10,10,0,1.4358212,1,0,0,30,0,PAV075
10,11,0,2.5366398,1,0,0,25,0,PAV075
10,12,0,1.6520936,1,0,0,20,0,PAV075
10,13,0,1.9924813,1,0,0,25,0,PAV075
10,14,0,1.7700321,1,0,0,20,0,PAV075
10,15,0,1.7697357,1,0,0,30,0,PAV075
10,16,0,2.6792903,1,3,1,25,75,PAV075
10,17,0,2.5482512,1,3,1,20,60,PAV075
10,18,0,1.5299795,1,0,0,30,0,PAV075
10,19,0,1.27705,1,0,0,20,0,PAV075
10,20,0,1.8136405,1,2,1,30,60,PAV075
10,21,0,1.1707768,1,2,1,30,60,PAV075
10,22,0,2.3276547,1,0,0,30,0,PAV075
10,23,1,2.2186883,1,3,1,25,75,PAV075
10,24,1,2.156735,1,3,1,25,75,PAV075
10,25,1,2.0558504,1,2,1,25,50,PAV075
10,26,0,1.7473658,1,1,1,30,30,PAV075
10,27,0,2.3689687,1,0,0,20,0,PAV075
10,28,0,2.4802608,1,1,1,30,30,PAV075
10,29,0,3.092209,1,0,0,20,0,PAV075
10,30,0,1.6994662,1,2,1,30,60,PAV075
10,31,0,1.8227678,1,0,0,25,0,PAV075
10,32,0,1.64289,1,3,1,30,90,PAV075
10,33,0,2.7763002,1,1,1,30,30,PAV075
10,34,0,2.0301206,1,0,0,30,0,PAV075
10,35,1,2.7009187,1,1,1,20,20,PAV075
10,36,0,2.0004995,1,2,1,30,60,PAV075
10,37,0,2.2552639,1,0,0,30,0,PAV075
10,38,0,1.7245978,1,1,1,30,30,PAV075
10,39,1,1.6562203,1,3,1,25,75,PAV075
10,40,0,2.299348,1,1,1,20,20,PAV075
10,41,0,2.7766237,1,0,0,30,0,PAV075
10,42,1,1.8009813,1,2,1,30,60,PAV075
10,43,1,2.8469995,1,1,1,20,20,PAV075
10,44,0,2.0392399,1,0,0,20,0,PAV075
10,45,1,2.074894,0,0,0,25,0,PAV075
11,1,1,2.1076977,1,1,1,30,30,PAV075
11,2,0,2.2157226,1,1,1,25,25,PAV075
11,3,0,2.798905,1,0,0,20,0,PAV075
11,4,0,1.7637976,1,2,1,25,50,PAV075
11,5,0,1.778567,1,0,0,25,0,PAV075
11,6,0,1.6078746,1,0,0,25,0,PAV075
11,7,0,2.098561,1,0,0,25,0,PAV075
11,8,1,1.6494683,1,3,1,25,75,PAV075
11,9,0,2.5565277,1,1,1,20,20,PAV075
11,10,0,2.5427401,1,0,0,30,0,PAV075
11,11,0,1.6761576,1,0,0,25,0,PAV075
11,12,0,1.8015781,1,1,1,25,25,PAV075
11,13,0,1.4669596,1,0,0,25,0,PAV075
11,14,0,2.2499938,1,0,0,25,0,PAV075
11,15,0,2.4835462,1,0,0,30,0,PAV075
11,16,0,2.8205804,1,2,1,20,40,PAV075
11,17,0,1.808221,1,2,1,25,50,PAV075
11,18,0,1.994898,1,1,1,25,25,PAV075
11,19,0,1.8144405,1,0,0,30,0,PAV075
11,20,0,2.1776,1,2,1,20,40,PAV075
11,21,0,2.5858591,1,0,0,25,0,PAV075
11,22,1,2.3349954,1,3,1,20,60,PAV075
11,23,0,2.5104639,1,0,0,25,0,PAV075
11,24,1,2.5055261,0,0,0,20,0,PAV075
11,25,0,1.563079,1,3,1,30,90,PAV075
11,26,0,1.6818678,1,0,0,25,0,PAV075
11,27,0,1.6940883,1,1,1,20,20,PAV075
11,28,1,1.9816649,1,3,1,30,90,PAV075
11,29,0,2.2151817,1,0,0,20,0,PAV075
11,30,0,1.9634844,1,1,1,25,25,PAV075
11,31,0,1.5182156,1,0,0,20,0,PAV075
11,32,0,2.5114927,1,2,1,20,40,PAV075
11,33,1,1.8405562,1,2,1,20,40,PAV075
11,34,0,2.567351,1,0,0,30,0,PAV075
11,35,0,2.0342116,1,1,1,25,25,PAV075
11,36,0,1.7804173,1,0,0,20,0,PAV075
11,37,0,2.5920438,1,0,0,30,0,PAV075
11,38,1,2.0096023,1,3,1,20,60,PAV075
11,39,0,1.3909615,1,0,0,20,0,PAV075
11,40,1,1.6198473,1,3,1,20,60,PAV075
11,41,0,2.3149645,1,0,0,25,0,PAV075
11,42,0,1.9816189,1,0,0,20,0,PAV075
11,43,0,1.9459724,1,3,1,30,90,PAV075
11,44,0,1.9335126,1,0,0,30,0,PAV075
11,45,0,1.8695899,1,2,1,25,50,PAV075
14,1,1,4.4795203,1,2,1,25,50,PAV076
14,2,0,1.6150681,1,0,0,20,0,PAV076
14,3,1,0.9272832,1,3,1,30,90,PAV076
14,4,0,1.0138309,1,0,0,20,0,PAV076
14,5,0,0.9534344,1,1,1,20,20,PAV076
14,6,1,2.0423893,1,3,1,25,75,PAV076
14,7,1,2.6600067,1,2,1,30,60,PAV076
14,8,0,1.2926658,1,1,1,25,25,PAV076
14,9,0,1.494476,1,2,1,20,40,PAV076
14,10,1,1.7690476,1,3,1,20,60,PAV076
14,11,1,1.4278126,1,2,1,20,40,PAV076
14,12,0,1.5297273,1,0,0,20,0,PAV076
14,13,1,1.7581151,1,2,1,20,40,PAV076
14,14,0,1.6371601,1,2,1,30,60,PAV076
14,15,0,1.7655149,1,0,0,20,0,PAV076
14,16,0,1.5693191,1,0,0,20,0,PAV076
14,17,0,2.3138015,1,0,0,20,0,PAV076
14,18,0,2.0682667,1,0,0,25,0,PAV076
14,19,1,1.8271791,1,1,1,30,30,PAV076
14,20,0,1.7326575,1,0,0,25,0,PAV076
14,21,0,1.4047511,1,1,1,30,30,PAV076
14,22,0,1.1090856,1,0,0,30,0,PAV076
14,23,0,1.3269831,1,0,0,30,0,PAV076
14,24,0,1.6929294,1,0,0,30,0,PAV076
14,25,0,1.442756,1,0,0,20,0,PAV076
14,26,0,1.7125521,1,1,1,20,20,PAV076
14,27,0,2.7177971,1,3,1,25,75,PAV076
14,28,0,3.4290785,1,3,1,20,60,PAV076
14,29,0,1.272548,1,0,0,30,0,PAV076
14,30,0,1.4862347,1,0,0,25,0,PAV076
14,31,0,1.9738243,1,0,0,30,0,PAV076
14,32,1,3.8488138,1,3,1,20,60,PAV076
14,33,0,1.2469177,1,0,0,25,0,PAV076
14,34,0,1.6006455,1,0,0,25,0,PAV076
14,35,1,1.7295564,1,2,1,20,40,PAV076
14,36,0,1.2561438,1,0,0,20,0,PAV076
14,37,0,1.3707625,1,0,0,30,0,PAV076
14,38,0,2.2553704,1,2,1,20,40,PAV076
14,39,1,1.1006024,1,3,1,25,75,PAV076
14,40,1,1.7975248,1,3,1,30,90,PAV076
14,41,0,1.3975162,1,0,0,25,0,PAV076
14,42,0,1.4464522,1,1,1,25,25,PAV076
14,43,0,1.2936887,1,0,0,30,0,PAV076
14,44,1,1.4973252,1,1,1,25,25,PAV076
14,45,0,1.4953352,1,0,0,25,0,PAV076
15,1,0,1.6412104,1,3,1,20,60,PAV076
15,2,0,1.8332945,1,0,0,25,0,PAV076
15,3,1,1.276913,1,2,1,25,50,PAV076
15,4,0,1.2271138,1,0,0,30,0,PAV076
15,5,0,2.151944,1,1,1,25,25,PAV076
15,6,0,1.2240221,1,0,0,20,0,PAV076
15,7,0,1.222356,1,0,0,25,0,PAV076
15,8,1,1.1747118,1,3,1,25,75,PAV076
15,9,0,1.5105374,1,0,0,30,0,PAV076
15,10,0,1.6097175,1,2,1,25,50,PAV076
15,11,0,1.3529595,1,0,0,30,0,PAV076
15,12,0,0.9629671,1,1,1,30,30,PAV076
15,13,0,1.7152451,1,0,0,25,0,PAV076
15,14,0,1.1322607,1,0,0,20,0,PAV076
15,15,0,1.3474529,1,3,1,30,90,PAV076
15,16,0,1.6623808,1,0,0,25,0,PAV076
15,17,0,1.6140449,1,0,0,20,0,PAV076
15,18,0,1.0928648,1,0,0,20,0,PAV076
15,19,1,1.8232964,1,1,1,20,20,PAV076
15,20,1,1.3546941,1,1,1,20,20,PAV076
15,21,0,1.8878363,1,0,0,30,0,PAV076
15,22,0,1.2184963,1,0,0,30,0,PAV076
15,23,0,1.6696041,1,0,0,20,0,PAV076
15,24,0,1.1758756,1,2,1,30,60,PAV076
15,25,1,2.9316335,1,3,1,30,90,PAV076
15,26,0,0.9826275,1,0,0,30,0,PAV076
15,27,0,1.3750858,1,0,0,25,0,PAV076
15,28,0,1.2062852,1,1,1,25,25,PAV076
15,29,0,1.1461455,1,1,1,30,30,PAV076
15,30,0,3.155365,1,0,0,25,0,PAV076
15,31,0,1.5130605,1,0,0,20,0,PAV076
15,32,0,1.4183656,1,0,0,25,0,PAV076
15,33,0,1.3743898,1,0,0,30,0,PAV076
15,34,0,2.7543388,1,2,1,25,50,PAV076
15,35,1,2.1739462,1,2,1,30,60,PAV076
15,36,0,1.3282014,1,1,1,30,30,PAV076
15,37,0,1.2324533,1,0,0,25,0,PAV076
15,38,1,1.8234042,1,2,1,30,60,PAV076
15,39,1,2.3865526,1,1,1,20,20,PAV076
15,40,1,1.2977796,1,3,1,30,90,PAV076
15,41,1,1.3344315,1,3,1,25,75,PAV076
15,42,0,1.4903377,1,0,0,30,0,PAV076
15,43,0,1.4709349,1,2,1,25,50,PAV076
15,44,1,1.5996144,1,3,1,20,60,PAV076
15,45,0,1.5434871,1,0,0,20,0,PAV076